{
  "J700061001_h": {
    "min": 72.394,
    "max": 1136.7266666666644
  },
  "J700061001_q": {
    "min": 4.0,
    "max": 4421.199999999953
  },
  "J700061001_precip": {
    "min": 0.0,
    "max": 1.8
  },
  "J700061001_soil_moisture_0_to_7cm": {
    "min": 0.158,
    "max": 0.43
  },
  "J700061001_soil_moisture_7_to_28cm": {
    "min": 0.151,
    "max": 0.426
  },
  "J701064001_h": {
    "min": 83812.0,
    "max": 90110.0
  },
  "J701064001_precip": {
    "min": 0.0,
    "max": 1.8
  },
  "J701064001_soil_moisture_0_to_7cm": {
    "min": 0.145,
    "max": 0.43
  },
  "J701064001_soil_moisture_7_to_28cm": {
    "min": 0.167,
    "max": 0.425
  },
  "J702401001_h": {
    "min": 361.0,
    "max": 1187.425000000003
  },
  "J702401001_q": {
    "min": 6.0,
    "max": 3660.0
  },
  "J702401001_precip": {
    "min": 0.0,
    "max": 1.8
  },
  "J702401001_soil_moisture_0_to_7cm": {
    "min": 0.145,
    "max": 0.43
  },
  "J702401001_soil_moisture_7_to_28cm": {
    "min": 0.167,
    "max": 0.425
  },
  "J702403001_h": {
    "min": 80790.0,
    "max": 85358.0
  },
  "J702403001_precip": {
    "min": 0.0,
    "max": 1.7
  },
  "J702403001_soil_moisture_0_to_7cm": {
    "min": 0.147,
    "max": 0.43
  },
  "J702403001_soil_moisture_7_to_28cm": {
    "min": 0.165,
    "max": 0.425
  },
  "J702402001_h": {
    "min": 141.69,
    "max": 1055.3333333333333
  },
  "J702402001_q": {
    "min": 14.0,
    "max": 4464.278181818179
  },
  "J702402001_precip": {
    "min": 0.0,
    "max": 1.7
  },
  "J702402001_soil_moisture_0_to_7cm": {
    "min": 0.147,
    "max": 0.43
  },
  "J702402001_soil_moisture_7_to_28cm": {
    "min": 0.165,
    "max": 0.425
  },
  "J701061001_h": {
    "min": 270.25,
    "max": 902.0
  },
  "J701061001_q": {
    "min": 147.21099999999998,
    "max": 9176.327142857142
  },
  "J701061001_precip": {
    "min": 0.0,
    "max": 1.8
  },
  "J701061001_soil_moisture_0_to_7cm": {
    "min": 0.143,
    "max": 0.43
  },
  "J701061001_soil_moisture_7_to_28cm": {
    "min": 0.167,
    "max": 0.425
  },
  "J704301001_h": {
    "min": 24.1,
    "max": 1667.0
  },
  "J704301001_precip": {
    "min": 0.0,
    "max": 1.8
  },
  "J704301001_soil_moisture_0_to_7cm": {
    "min": 0.157,
    "max": 0.429
  },
  "J704301001_soil_moisture_7_to_28cm": {
    "min": 0.157,
    "max": 0.425
  },
  "J705302001_h": {
    "min": 53929.32,
    "max": 61100.0
  },
  "J705302001_precip": {
    "min": 0.0,
    "max": 1.8
  },
  "J705302001_soil_moisture_0_to_7cm": {
    "min": 0.148,
    "max": 0.429
  },
  "J705302001_soil_moisture_7_to_28cm": {
    "min": 0.164,
    "max": 0.425
  },
  "J706062001_h": {
    "min": -621.0,
    "max": 1337.0
  },
  "J706062001_q": {
    "min": 536.0,
    "max": 34128.750000000095
  },
  "J706062001_precip": {
    "min": 0.0,
    "max": 1.7
  },
  "J706062001_soil_moisture_0_to_7cm": {
    "min": 0.149,
    "max": 0.429
  },
  "J706062001_soil_moisture_7_to_28cm": {
    "min": 0.163,
    "max": 0.425
  },
  "J708311001_h": {
    "min": 97.0,
    "max": 1680.1575000000012
  },
  "J708311001_q": {
    "min": 19.0,
    "max": 13228.400000000063
  },
  "J708311001_precip": {
    "min": 0.0,
    "max": 1.8
  },
  "J708311001_soil_moisture_0_to_7cm": {
    "min": 0.153,
    "max": 0.428
  },
  "J708311001_soil_moisture_7_to_28cm": {
    "min": 0.176,
    "max": 0.425
  },
  "J709063002_h": {
    "min": 219.30714285714285,
    "max": 2305.682499999998
  },
  "J709063002_q": {
    "min": 672.8175,
    "max": 49672.75000000009
  },
  "J709063002_precip": {
    "min": 0.0,
    "max": 1.7
  },
  "J709063002_soil_moisture_0_to_7cm": {
    "min": 0.147,
    "max": 0.429
  },
  "J709063002_soil_moisture_7_to_28cm": {
    "min": 0.162,
    "max": 0.424
  },
  "J700061001_dh": {
    "min": -28.416666666666686,
    "max": 50.59625000000051
  },
  "J700061001_dq": {
    "min": -130.0,
    "max": 227.5
  },
  "J701064001_dh": {
    "min": -23.0,
    "max": 28.5
  },
  "J702401001_dh": {
    "min": -32.5,
    "max": 55.5
  },
  "J702401001_dq": {
    "min": -183.33333333333326,
    "max": 268.6750000000029
  },
  "J702403001_dh": {
    "min": -29.0,
    "max": 30.5
  },
  "J702402001_dh": {
    "min": -25.5,
    "max": 33.77874999999949
  },
  "J702402001_dq": {
    "min": -128.75,
    "max": 150.0
  },
  "J701061001_dh": {
    "min": -18.75,
    "max": 24.79291666666661
  },
  "J701061001_dq": {
    "min": -230.0,
    "max": 296.5049999999998
  },
  "J704301001_dh": {
    "min": -57.986666666666665,
    "max": 80.75
  },
  "J705302001_dh": {
    "min": -15.009999999999845,
    "max": 19.12799999999962
  },
  "J706062001_dh": {
    "min": -34.0,
    "max": 44.5
  },
  "J706062001_dq": {
    "min": -600.0,
    "max": 790.0
  },
  "J708311001_dh": {
    "min": -39.33333333333332,
    "max": 51.0
  },
  "J708311001_dq": {
    "min": -404.2000000000002,
    "max": 460.13333333333617
  },
  "J709063002_dh": {
    "min": -24.29062499999999,
    "max": 34.0
  },
  "J709063002_dq": {
    "min": -612.0999999999999,
    "max": 825.0
  },
  "J702403001_release": {
    "min": 0.0,
    "max": 23.0
  },
  "J701064001_release": {
    "min": 0.0,
    "max": 19.0
  },
  "J705302001_release": {
    "min": 0.0,
    "max": 13.0
  }
}