{
  "J700061001_h": {
    "min": 72.382,
    "max": 1127.0
  },
  "J700061001_q": {
    "min": 4.0,
    "max": 4376.77499999998
  },
  "J700061001_precip": {
    "min": 0.0,
    "max": 1.8
  },
  "J701064001_h": {
    "min": 83812.0,
    "max": 90110.0
  },
  "J701064001_precip": {
    "min": 0.0,
    "max": 1.8
  },
  "J702401001_h": {
    "min": 361.0,
    "max": 1181.1600000000035
  },
  "J702401001_q": {
    "min": 6.0,
    "max": 3625.533333333345
  },
  "J702401001_precip": {
    "min": 0.0,
    "max": 1.8
  },
  "J702403001_h": {
    "min": 80790.0,
    "max": 85357.0
  },
  "J702403001_precip": {
    "min": 0.0,
    "max": 1.7
  },
  "J702402001_h": {
    "min": 141.66761904761904,
    "max": 1053.494999999999
  },
  "J702402001_q": {
    "min": 14.0,
    "max": 4450.0
  },
  "J702402001_precip": {
    "min": 0.0,
    "max": 1.7
  },
  "J701061001_h": {
    "min": 270.25,
    "max": 895.0
  },
  "J701061001_q": {
    "min": 147.14999999999998,
    "max": 9112.333333333334
  },
  "J701061001_precip": {
    "min": 0.0,
    "max": 1.8
  },
  "J704301001_h": {
    "min": 24.1,
    "max": 1656.7849999999962
  },
  "J704301001_precip": {
    "min": 0.0,
    "max": 1.8
  },
  "J705302001_h": {
    "min": 53929.0,
    "max": 61100.0
  },
  "J705302001_precip": {
    "min": 0.0,
    "max": 1.8
  },
  "J706062001_h": {
    "min": -621.0,
    "max": 1326.0
  },
  "J706062001_q": {
    "min": 536.0,
    "max": 33931.39393939425
  },
  "J706062001_precip": {
    "min": 0.0,
    "max": 1.7
  },
  "J708311001_h": {
    "min": 97.0,
    "max": 1676.050000000003
  },
  "J708311001_q": {
    "min": 19.0,
    "max": 13133.333333333334
  },
  "J708311001_precip": {
    "min": 0.0,
    "max": 1.7230000000010477
  },
  "J709063002_h": {
    "min": 219.284,
    "max": 2297.200999999999
  },
  "J709063002_q": {
    "min": 672.7333333333333,
    "max": 49500.0
  },
  "J709063002_precip": {
    "min": 0.0,
    "max": 1.7
  },
  "J700061001_dh": {
    "min": -28.416666666666686,
    "max": 50.5
  },
  "J700061001_dq": {
    "min": -130.0,
    "max": 226.35000000000218
  },
  "J701064001_dh": {
    "min": -23.0,
    "max": 28.5
  },
  "J702401001_dh": {
    "min": -32.5,
    "max": 55.20499999999811
  },
  "J702401001_dq": {
    "min": -182.53106060606058,
    "max": 267.5
  },
  "J702403001_dh": {
    "min": -29.0,
    "max": 30.5
  },
  "J702402001_dh": {
    "min": -25.5,
    "max": 33.72499999999976
  },
  "J702402001_dq": {
    "min": -128.57142857142867,
    "max": 149.8749999999988
  },
  "J701061001_dh": {
    "min": -18.75,
    "max": 24.680555555555557
  },
  "J701061001_dq": {
    "min": -230.0,
    "max": 295.0625
  },
  "J704301001_dh": {
    "min": -58.0,
    "max": 80.76291666666656
  },
  "J705302001_dh": {
    "min": -15.049166666665945,
    "max": 19.0
  },
  "J706062001_dh": {
    "min": -34.0,
    "max": 44.5
  },
  "J706062001_dq": {
    "min": -600.0,
    "max": 785.0
  },
  "J708311001_dh": {
    "min": -39.33333333333335,
    "max": 50.85958333333354
  },
  "J708311001_dq": {
    "min": -404.01249999999953,
    "max": 455.0
  },
  "J709063002_dh": {
    "min": -24.314999999999994,
    "max": 34.0
  },
  "J709063002_dq": {
    "min": -612.39375,
    "max": 825.0
  },
  "J705302001_release": {
    "min": 0.0,
    "max": 13.0
  },
  "J702403001_release": {
    "min": 0.0,
    "max": 23.0
  },
  "J701064001_release": {
    "min": 0.0,
    "max": 19.0
  }
}